Grid,T(1) (s),T(2) (s),T(4) (s),T(8) (s),T(16) (s),Speedup@1,Speedup@2,Speedup@4,Speedup@8,Speedup@16,Eff@1,Eff@2,Eff@4,Eff@8,Eff@16
51,0.231725,0.236142,0.272619,0.471990,0.625690,1.000000,0.981295,0.849996,0.490953,0.370351,1.000000,0.490648,0.212499,0.061369,0.023147
101,0.231526,0.237729,0.279907,0.464341,0.624398,1.000000,0.973907,0.827153,0.498612,0.370799,1.000000,0.486954,0.206788,0.062327,0.023175
201,0.231597,0.236196,0.275990,0.471483,0.627094,1.000000,0.980529,0.839150,0.491210,0.369318,1.000000,0.490264,0.209787,0.061401,0.023082
401,0.231947,0.235897,0.272506,0.464570,0.624239,1.000000,0.983255,0.851163,0.499272,0.371568,1.000000,0.491628,0.212791,0.062409,0.023223
